accuracy,roc_auc,f1_score,precision,recall,confusion_matrix,classification_report
0.7241379310344828,0.7988721804511278,0.7692307692307693,0.7272727272727273,0.8163265306122449,"[[40  9]
 [15 23]]","{'biofuel': {'precision': 0.7272727272727273, 'recall': 0.8163265306122449, 'f1-score': 0.7692307692307693, 'support': 49.0}, 'not biofuel': {'precision': 0.71875, 'recall': 0.6052631578947368, 'f1-score': 0.6571428571428571, 'support': 38.0}, 'accuracy': 0.7241379310344828, 'macro avg': {'precision': 0.7230113636363636, 'recall': 0.7107948442534908, 'f1-score': 0.7131868131868132, 'support': 87.0}, 'weighted avg': {'precision': 0.7235501567398119, 'recall': 0.7241379310344828, 'f1-score': 0.7202728306176582, 'support': 87.0}}"
