accuracy,roc_auc,f1_score,precision,recall,confusion_matrix,classification_report
0.6956521739130435,0.8745791245791246,0.5531914893617021,0.9285714285714286,0.3939393939393939,"[[13 20]
 [ 1 35]]","{'biofuel': {'precision': 0.9285714285714286, 'recall': 0.3939393939393939, 'f1-score': 0.5531914893617021, 'support': 33.0}, 'not biofuel': {'precision': 0.6363636363636364, 'recall': 0.9722222222222222, 'f1-score': 0.7692307692307692, 'support': 36.0}, 'accuracy': 0.6956521739130435, 'macro avg': {'precision': 0.7824675324675325, 'recall': 0.6830808080808081, 'f1-score': 0.6612111292962357, 'support': 69.0}, 'weighted avg': {'precision': 0.7761151891586674, 'recall': 0.6956521739130435, 'f1-score': 0.6659076353803458, 'support': 69.0}}"
