accuracy,roc_auc,f1_score,precision,recall,confusion_matrix,classification_report
0.6666666666666666,0.8120192307692308,0.3888888888888889,0.7,0.2692307692307692,"[[ 7 19]
 [ 3 37]]","{'biofuel': {'precision': 0.7, 'recall': 0.2692307692307692, 'f1-score': 0.3888888888888889, 'support': 26.0}, 'not biofuel': {'precision': 0.6607142857142857, 'recall': 0.925, 'f1-score': 0.7708333333333333, 'support': 40.0}, 'accuracy': 0.6666666666666666, 'macro avg': {'precision': 0.6803571428571429, 'recall': 0.5971153846153846, 'f1-score': 0.579861111111111, 'support': 66.0}, 'weighted avg': {'precision': 0.6761904761904761, 'recall': 0.6666666666666666, 'f1-score': 0.6203703703703703, 'support': 66.0}}"
