accuracy,roc_auc,f1_score,precision,recall,confusion_matrix,classification_report
0.7121212121212122,0.8264423076923076,0.4864864864864865,0.8181818181818182,0.34615384615384615,"[[ 9 17]
 [ 2 38]]","{'biofuel': {'precision': 0.8181818181818182, 'recall': 0.34615384615384615, 'f1-score': 0.4864864864864865, 'support': 26.0}, 'not biofuel': {'precision': 0.6909090909090909, 'recall': 0.95, 'f1-score': 0.8, 'support': 40.0}, 'accuracy': 0.7121212121212122, 'macro avg': {'precision': 0.7545454545454546, 'recall': 0.648076923076923, 'f1-score': 0.6432432432432433, 'support': 66.0}, 'weighted avg': {'precision': 0.7410468319559228, 'recall': 0.7121212121212122, 'f1-score': 0.6764946764946764, 'support': 66.0}}"
