accuracy,roc_auc,f1_score,precision,recall,confusion_matrix,classification_report
0.7701149425287356,0.8740601503759398,0.7368421052631579,0.7368421052631579,0.7368421052631579,"[[39 10]
 [10 28]]","{'biofuel': {'precision': 0.7959183673469388, 'recall': 0.7959183673469388, 'f1-score': 0.7959183673469388, 'support': 49.0}, 'not biofuel': {'precision': 0.7368421052631579, 'recall': 0.7368421052631579, 'f1-score': 0.7368421052631579, 'support': 38.0}, 'accuracy': 0.7701149425287356, 'macro avg': {'precision': 0.7663802363050483, 'recall': 0.7663802363050483, 'f1-score': 0.7663802363050483, 'support': 87.0}, 'weighted avg': {'precision': 0.7701149425287356, 'recall': 0.7701149425287356, 'f1-score': 0.7701149425287356, 'support': 87.0}}"
