accuracy,roc_auc,f1_score,precision,recall,confusion_matrix,classification_report
0.7101449275362319,0.813131313131313,0.761904761904762,0.6666666666666666,0.8888888888888888,"[[17 16]
 [ 4 32]]","{'biofuel': {'precision': 0.8095238095238095, 'recall': 0.5151515151515151, 'f1-score': 0.6296296296296297, 'support': 33.0}, 'not biofuel': {'precision': 0.6666666666666666, 'recall': 0.8888888888888888, 'f1-score': 0.761904761904762, 'support': 36.0}, 'accuracy': 0.7101449275362319, 'macro avg': {'precision': 0.7380952380952381, 'recall': 0.702020202020202, 'f1-score': 0.6957671957671958, 'support': 69.0}, 'weighted avg': {'precision': 0.7349896480331263, 'recall': 0.7101449275362319, 'f1-score': 0.6986427421210031, 'support': 69.0}}"
